id,sku,barcode,name,category_id,supplier_id,unit,unit_cost,selling_price,reorder_point,reorder_quantity,lead_time_days,safety_stock,created_at
1,SKU-01-001,890010001754,Laptop,1,1,Units,8000.0,10000.0,20,50,7,10,2026-02-17 19:56:16
2,SKU-01-002,890010002125,Mouse,1,2,Units,400.0,800.0,40,100,3,20,2026-02-20 19:56:16
3,SKU-01-003,890010003350,Keyboard,1,3,Units,1000.0,1800.0,50,75,5,15,2026-02-19 19:56:16
4,SKU-01-004,890010004242,UltraSharp 27-inch 4K Monitor,1,1,Units,22000.0,27500.0,25,42,5,15,2026-02-17 19:56:16
5,SKU-01-005,890010005792,Laser Multifunction Network Printer,1,1,Units,18500.0,24050.0,24,42,6,12,2026-02-24 19:56:16
6,SKU-01-006,890010006189,1080p HD Streaming Webcam,1,1,Units,1950.0,2827.5,60,105,4,40,2026-02-25 19:56:16
7,SKU-01-007,890010007532,Braided USB-C to USB-C Cable 2M,1,1,Units,180.0,324.0,115,105,3,100,2026-02-16 19:56:16
8,SKU-01-008,890010008130,NVMe M.2 1TB Solid State Drive,1,1,Units,5200.0,6760.0,60,105,5,35,2026-02-17 19:56:16
9,SKU-01-009,890010009323,DDR4 16GB 3200MHz RAM Module,1,1,Units,2800.0,3780.0,65,105,5,40,2026-02-19 19:56:16
10,SKU-01-010,890010010617,Dual-Band Gigabit Wi-Fi 6 Router,1,1,Units,3400.0,4590.0,35,42,5,25,2026-02-25 19:56:16
11,SKU-01-011,890010011127,Active Noise Cancelling Headphones,1,1,Units,4500.0,6300.0,42,42,6,30,2026-02-24 19:56:16
12,SKU-01-012,890010012303,GaN 65W Multi-Port Fast Charger,1,1,Units,1100.0,1650.0,70,105,4,50,2026-02-26 19:56:16
13,SKU-02-013,890020013818,Heavy Duty Desk Stapler,2,4,Units,220.0,330.0,38,42,4,30,2026-02-24 19:56:16
14,SKU-02-014,890020014529,A4 Multipurpose Copy Paper 80GSM (Ream),2,4,Reams,240.0,324.0,135,105,3,120,2026-02-19 19:56:16
15,SKU-02-015,890020015559,Gel Ink Retractable Pens (Pack of 12),2,4,Packs,150.0,240.0,100,105,4,80,2026-02-25 19:56:16
16,SKU-02-016,890020016384,Adhesive Sticky Notes 3x3 (12 Pack),2,4,Packs,180.0,279.0,90,105,4,70,2026-02-16 19:56:16
17,SKU-02-017,890020017877,Magnetic Whiteboard 4x3 Ft,2,4,Units,1450.0,2030.0,19,17,5,15,2026-02-18 19:56:16
18,SKU-02-018,890020018814,Dry Erase Markers Assorted (Set of 8),2,4,Sets,160.0,256.0,70,105,4,50,2026-02-22 19:56:16
19,SKU-02-019,890020019448,Expanding Document File Organizer,2,4,Units,320.0,480.0,48,42,4,40,2026-02-20 19:56:16
20,SKU-03-020,890030020259,Corrugated Shipping Box 12x10x8,3,2,Bundles,350.0,490.0,165,105,3,150,2026-02-19 19:56:16
21,SKU-03-021,890030021881,Heavy Duty Corrugated Box 18x14x12,3,2,Bundles,550.0,770.0,135,105,3,120,2026-02-21 19:56:16
22,SKU-03-022,890030022204,Heavy Duty Packaging Tape 3-inch (6 Rolls),3,2,Packs,280.0,420.0,155,105,3,140,2026-02-17 19:56:16
23,SKU-03-023,890030023489,Perforated Bubble Cushioning Wrap 100M,3,2,Rolls,680.0,986.0,65,105,3,50,2026-02-17 19:56:16
24,SKU-03-024,890030024467,Stretch Film Pallet Wrap 23 Micron,3,2,Rolls,480.0,672.0,75,105,3,60,2026-02-21 19:56:16
25,SKU-03-025,890030025718,Air Pillow Cushion Bags (1000 Count),3,2,Boxes,850.0,1190.0,48,42,4,40,2026-02-20 19:56:16
26,SKU-03-026,890030026926,Thermal Shipping Labels 4x6 (1000 Roll),3,2,Rolls,310.0,465.0,115,105,3,100,2026-02-16 19:56:16
27,SKU-04-027,890040027847,68-Piece Precision Screwdriver Set,4,3,Kits,850.0,1232.5,49,42,7,35,2026-02-23 19:56:16
28,SKU-04-028,890040028649,Cordless Impact Drill 18V Kit,4,3,Kits,4800.0,6480.0,34,42,7,20,2026-02-17 19:56:16
29,SKU-04-029,890040029487,Digital Caliper 150mm Stainless,4,3,Units,1200.0,1740.0,21,17,7,15,2026-02-17 19:56:16
30,SKU-04-030,890040030665,Industrial Retractable Utility Knife (10-Pk),4,3,Packs,350.0,525.0,75,105,5,50,2026-02-20 19:56:16
31,SKU-04-031,890040031949,Digital Infrared Laser Thermometer,4,3,Units,1650.0,2310.0,21,17,7,15,2026-02-26 19:56:16
32,SKU-04-032,890040032733,Locking Pliers & Wrench Combination Set,4,3,Sets,980.0,1421.0,39,42,7,25,2026-02-21 19:56:16
33,SKU-05-033,890050033691,Industrial Conveyor Roller 50mm,5,5,Units,420.0,588.0,50,42,10,30,2026-02-19 19:56:16
34,SKU-05-034,890050034821,Deep Groove Ball Bearing 6205-2RS (10 Pk),5,5,Packs,650.0,942.5,60,42,10,40,2026-02-17 19:56:16
35,SKU-05-035,890050035146,Poly-V Drive Transmission Belt 1200mm,5,5,Units,380.0,551.0,45,42,10,25,2026-02-26 19:56:16
36,SKU-05-036,890050036333,Pneumatic Quick-Connect Fitting 8mm (20 Pk),5,5,Packs,490.0,735.0,53,42,9,35,2026-02-20 19:56:16
37,SKU-05-037,890050037181,Heavy-Duty Swivel Caster Wheels 4-inch (4 Pk),5,5,Sets,1100.0,1540.0,28,17,10,20,2026-02-19 19:56:16
38,SKU-05-038,890050038987,Proximity Sensor Inductive 12mm,5,5,Units,750.0,1087.5,28,17,10,20,2026-02-17 19:56:16
39,SKU-06-039,890060039489,Portable Bluetooth Rugged Speaker,6,7,Units,1600.0,2400.0,75,105,6,45,2026-02-20 19:56:16
40,SKU-06-040,890060040564,20000mAh Dual USB Power Bank,6,7,Units,1250.0,1812.5,90,105,6,60,2026-02-26 19:56:16
41,SKU-06-041,890060041954,Water-Resistant Laptop Backpack 25L,6,7,Units,1400.0,2170.0,70,105,6,40,2026-02-21 19:56:16
42,SKU-06-042,890060042266,Smart LED Desk Lamp with Wireless Charging,6,7,Units,1850.0,2682.5,42,42,6,30,2026-02-21 19:56:16
43,SKU-06-043,890060043463,Wireless Fitness Tracker Band,6,7,Units,1750.0,2625.0,47,42,6,35,2026-02-19 19:56:16
44,SKU-06-044,890060044786,Ergonomic Aluminium Laptop Riser,6,7,Units,950.0,1472.5,75,105,5,50,2026-02-20 19:56:16
45,SKU-07-045,890070045818,Black High-Yield Toner Cartridge (TN-660),7,6,Units,1950.0,2632.5,65,105,4,45,2026-02-26 19:56:16
46,SKU-07-046,890070046763,Cyan/Magenta/Yellow Ink Cartridge Pack,7,6,Packs,2400.0,3240.0,38,42,4,30,2026-02-17 19:56:16
47,SKU-07-047,890070047723,Multi-Surface Sanitizing Wipes (800 Wipes),7,6,Tubs,450.0,675.0,70,105,4,50,2026-02-26 19:56:16
48,SKU-07-048,890070048275,Industrial Anti-Corrosion Spray Lube 400ml,7,6,Cans,280.0,434.0,48,42,4,40,2026-02-24 19:56:16
49,SKU-07-049,890070049846,Thermal Receipt Paper Roll 80mm (Box of 50),7,6,Boxes,850.0,1190.0,80,105,4,60,2026-02-19 19:56:16
50,SKU-07-050,890070050267,Heavy-Duty Nitrile Gloves Size L (Box of 100),7,6,Boxes,380.0,570.0,100,105,4,80,2026-02-23 19:56:16
51,SKU-08-051,890080051488,Ergonomic Mesh High-Back Office Chair,8,8,Units,8500.0,11475.0,39,42,12,15,2026-02-20 19:56:16
52,SKU-08-052,890080052755,Motorized Dual-Motor Height Adjustable Desk,8,8,Units,24000.0,31200.0,19,17,14,8,2026-02-24 19:56:16
53,SKU-08-053,890080053324,Heavy Duty Steel Storage Shelving Rack 5-Tier,8,8,Units,5800.0,7830.0,22,17,12,12,2026-02-26 19:56:16
54,SKU-08-054,890080054432,Mobile 3-Drawer Steel File Pedestal,8,8,Units,4200.0,5880.0,40,42,12,16,2026-02-16 19:56:16
